"TargetModule","Coverage"
"url","0.8979591836734694"
"conf","0.7945205479452054"
"url","0.9183673469387755"
