"TargetModule","Coverage"
"url","0.8979591836734694"
"conf","0.7945205479452054"
"url_typed","0.9183673469387755"
"conf_typed","0.8082191780821918"
