"TargetModule","Coverage"

"url","0.8979591836734694"
"url_typed","0.9183673469387755"

"conf","0.7945205479452054"
"conf_typed","0.8082191780821918"

"httpcache","0.1388888888888889"
"httpcache_typed","0.2013888888888889"

"cookies","0.5757575757575758"
"headers","1.0"
"iterators","0.26153846153846155"
